index,ID_Cliente,Score_Buro,Deuda_Total,Edad,Ingresos_Mensuales,Historial_Pagos
0,1,549,2699677,47,2165635,Regular
1,2,486,2462316,48,4171426,Buen
2,3,564,2029815,55,3350341,Buen
3,4,652,1676531,28,3297856,Regular
4,5,476,2349111,52,3054020,Buen
5,6,476,2196742,25,4346665,Regular
6,7,657,2447596,20,3263851,Buen
7,8,576,2317585,31,1475584,Malo
8,9,453,2524776,30,4219503,Malo
9,10,554,1732382,62,4036201,Malo
10,11,453,2658697,49,3587137,Buen
11,12,453,2098799,51,1871526,Buen
12,13,524,3037630,62,2026884,Buen
13,14,308,1655406,36,1122557,Buen
14,15,327,2867981,55,3460329,Buen
15,16,443,2098955,33,1650451,Regular
16,17,398,1674290,19,1281249,Regular
17,18,531,1758057,57,4274989,Malo
18,19,409,1839826,34,3768179,Buen
19,20,358,2212082,72,2666828,Buen
20,21,646,2261417,51,2865953,Buen
21,22,477,1713149,59,592655,Malo
22,23,506,1987822,33,3916744,Regular
23,24,357,3071135,55,2307268,Malo
24,25,445,2863771,19,3330290,Malo
25,26,511,2218161,19,511437,Regular
26,27,384,2019001,43,3977568,Buen
27,28,537,2060015,30,2247155,Buen
28,29,439,2306758,73,1623957,Regular
29,30,470,1488603,64,2660398,Buen
30,31,439,1871311,48,2403604,Buen
31,32,685,1165707,51,4074267,Malo
32,33,498,2199611,56,2579604,Malo
33,34,394,2323597,20,4362617,Regular
34,35,582,1758406,25,3330142,Regular
35,36,377,2786993,40,3894367,Regular
36,37,520,1387117,31,2997833,Buen
37,38,304,1267812,73,4272058,Buen
38,39,367,2112225,72,1846376,Regular
39,40,519,2523549,44,3113624,Regular
40,41,573,2841963,71,2603564,Buen
41,42,517,1770557,46,4396628,Malo
42,43,488,2539340,56,4499034,Buen
43,44,469,1980745,70,3000421,Buen
44,45,352,1913686,56,1708488,Regular
45,46,428,2441829,18,3427097,Buen
46,47,453,2326161,34,1335390,Buen
47,48,605,1211803,58,4626142,Buen
48,49,534,2738270,47,2526829,Regular
49,50,323,2690045,70,2969429,Buen
50,51,532,1687218,30,2319048,Regular
51,52,461,2197901,38,2098218,Regular
52,53,432,2247015,36,3737291,Buen
53,54,561,2130336,70,2841383,Malo
54,55,603,1724847,36,3042482,Buen
55,56,593,1664188,74,1996108,Malo
56,57,416,1987222,42,3856059,Regular
57,58,469,2586364,39,3957789,Malo
58,59,533,2271800,48,2791071,Buen
59,60,597,1814692,34,4267922,Buen
60,61,452,2385849,72,2895875,Buen
61,62,481,575728,40,3779755,Buen
62,63,389,2574382,49,1377072,Regular
63,64,380,1130143,27,3353430,Buen
64,65,581,1818779,27,2728518,Regular
65,66,635,1440165,53,3155522,Buen
66,67,492,1352659,25,3110682,Buen
67,68,600,2580413,71,3125699,Regular
68,69,536,1766149,69,3615700,Buen
69,70,435,2173251,37,2434826,Regular
70,71,536,1976539,49,3569079,Regular
71,72,653,2238520,67,4232524,Malo
72,73,496,2038410,31,1589858,Buen
73,74,656,1358503,67,2219459,Regular
74,75,238,2498133,45,2261464,Malo
75,76,582,1753121,63,1907954,Regular
76,77,508,1221709,69,2525302,Buen
77,78,470,1785942,70,4033118,Regular
78,79,509,2750379,41,4447586,Regular
79,80,301,2425110,32,3106174,Regular
80,81,478,1825673,39,2675763,Buen
81,82,535,1825371,47,3802923,Buen
82,83,647,1839182,21,636031,Malo
83,84,448,3038373,30,1944821,Buen
84,85,419,2190967,40,678369,Regular
85,86,449,2215020,25,1934300,Buen
86,87,591,2515141,35,2232982,Regular
87,88,532,2119394,29,4477681,Buen
88,89,447,1870478,72,238938,Buen
89,90,551,1901825,48,2583297,Malo
90,91,509,1964199,31,3619566,Malo
91,92,596,1981388,51,3410730,Regular
92,93,429,2363814,35,4461738,Buen
93,94,467,2025972,73,3161051,Regular
94,95,460,2366320,51,3374278,Regular
95,96,353,1959641,28,1161493,Regular
96,97,529,2039317,58,2011731,Buen
97,98,526,1000899,29,1217295,Regular
98,99,500,2458163,66,3572608,Regular
99,100,476,2173244,32,3348690,Malo
100,101,358,2499005,74,3313537,Buen
101,102,457,551872,48,2118566,Regular
102,103,465,3044187,66,2027050,Regular
103,104,419,1930205,46,3209446,Buen
104,105,483,2554091,43,2330613,Buen
105,106,540,1480047,35,1979595,Buen
106,107,688,2306386,49,2491610,Buen
107,108,517,1473292,39,2339257,Buen
108,109,525,1688115,55,2133277,Regular
109,110,492,2957015,34,1774232,Regular
110,111,308,1904658,40,3448689,Regular
111,112,497,2108716,41,4556049,Malo
112,113,506,2435033,67,2960995,Buen
113,114,746,2247840,25,3222434,Buen
114,115,480,2075209,58,3536377,Regular
115,116,530,2182480,23,3366565,Buen
116,117,496,3201707,22,2153087,Buen
117,118,383,1971190,61,4719846,Buen
118,119,614,2100549,74,2242689,Buen
119,120,575,2525327,46,3648088,Malo
120,121,579,2552762,45,3530191,Buen
121,122,409,2593515,28,1041558,Buen
122,123,640,2319365,74,2641153,Buen
123,124,359,1428497,18,3056628,Regular
124,125,558,2816715,60,3133151,Buen
125,126,719,1426827,36,3301420,Regular
126,127,400,2151317,26,3757662,Buen
127,128,443,1622862,44,2992484,Buen
128,129,509,1967930,51,3354617,Regular
129,130,449,2164381,61,2955045,Buen
130,131,344,2160678,21,1982666,Buen
131,132,506,2210960,53,3032401,Buen
132,133,393,2806855,35,3749089,Malo
133,134,547,2226767,32,4108788,Buen
134,135,408,1877921,68,3537315,Regular
135,136,654,2482043,30,4334350,Buen
136,137,421,2594735,36,3418864,Buen
137,138,467,1386196,66,3863879,Buen
138,139,581,2298700,23,3937391,Malo
139,140,376,2350586,65,2776649,Buen
140,141,522,1851218,73,3726003,Buen
141,142,630,2687853,29,2059355,Buen
142,143,339,1924972,68,3349812,Buen
143,144,518,2062788,54,3577025,Buen
144,145,525,1913464,34,4051095,Regular
145,146,578,2007789,40,3820759,Buen
146,147,376,1451862,43,4064114,Buen
147,148,367,1279974,46,2900619,Regular
148,149,552,2797252,50,2654606,Buen
149,150,529,1576519,44,2725101,Buen
150,151,525,1504303,42,3266283,Buen
151,152,534,923304,73,1191252,Regular
152,153,431,1680519,72,4331756,Buen
153,154,523,1338455,27,3043873,Buen
154,155,529,2821007,64,2584998,Buen
155,156,428,2504908,40,470283,Regular
156,157,686,1655924,38,2963186,Buen
157,158,547,3126217,38,2801523,Regular
158,159,380,2490882,60,2102953,Malo
159,160,565,1837584,30,2326953,Regular
160,161,402,750297,54,2973363,Buen
161,162,578,3145471,50,2411763,Buen
162,163,615,1305213,41,3571878,Buen
163,164,417,1177300,61,2251216,Buen
164,165,596,2511285,28,3154608,Buen
165,166,541,3219876,34,4180045,Regular
166,167,582,2692136,21,2963404,Buen
167,168,689,2281954,64,3355977,Buen
168,169,475,2297377,42,3292651,Regular
169,170,424,2426707,47,3007996,Regular
170,171,411,2379464,26,2932992,Buen
171,172,418,2140595,38,2428625,Malo
172,173,492,2052100,37,3151012,Buen
173,174,534,1968703,36,2716732,Regular
174,175,527,1623017,36,4546090,Regular
175,176,582,1859662,29,3811143,Regular
176,177,501,1153521,54,1547204,Regular
177,178,645,1950830,59,1602842,Buen
178,179,473,1505704,34,2869540,Buen
179,180,772,1448205,54,2604694,Regular
180,181,562,2089947,71,2816806,Buen
181,182,414,2696001,65,3651161,Malo
182,183,392,2459158,56,3315735,Buen
183,184,548,1214749,45,3305629,Buen
184,185,477,1505185,58,4446194,Buen
185,186,571,2470385,52,1611108,Buen
186,187,547,1508756,64,3103938,Regular
187,188,492,1887683,65,2420947,Regular
188,189,415,2275026,35,4435435,Regular
189,190,348,1515827,31,790648,Malo
190,191,455,2052687,52,834518,Malo
191,192,585,1332987,61,3304636,Malo
192,193,521,1699316,58,4126296,Buen
193,194,375,2159890,24,3773254,Regular
194,195,517,1203503,58,2199019,Buen
195,196,538,2220237,30,4506421,Buen
196,197,411,1990181,35,1768531,Regular
197,198,515,2276244,54,4307484,Buen
198,199,505,2111957,30,1900771,Buen
199,200,385,2682070,53,2648175,Buen
200,201,535,2062612,48,3639269,Buen
201,202,556,1785297,19,1533792,Malo
202,203,608,2061148,33,4469023,Buen
203,204,605,2271649,26,2642056,Buen
204,205,362,2024430,26,3137276,Buen
205,206,406,2020295,55,4162200,Buen
206,207,551,1649004,28,2206874,Malo
207,208,551,1668549,71,4060813,Buen
208,209,551,1298697,73,4640533,Regular
209,210,850,2874788,39,2344421,Regular
210,211,557,1378068,50,4369387,Malo
211,212,613,1653547,53,1239421,Regular
212,213,595,1640796,62,3389600,Malo
213,214,565,2447462,40,1771401,Buen
214,215,468,1852525,62,3942568,Buen
215,216,575,2623871,62,3860456,Buen
216,217,422,1663254,51,5077379,Malo
217,218,476,2139497,26,4421282,Buen
218,219,451,1582326,41,2834228,Buen
219,220,508,3072574,25,1918252,Buen
220,221,731,1406200,24,3565687,Buen
221,222,313,2154910,53,2939268,Buen
222,223,568,2316888,35,4551155,Malo
223,224,338,2206899,20,833619,Buen
224,225,452,1907356,45,5188056,Regular
225,226,608,1935089,23,3531990,Regular
226,227,506,2021905,61,2186987,Buen
227,228,392,1926498,61,3733989,Buen
228,229,428,2481939,38,4297421,Buen
229,230,567,3105261,45,3114346,Buen
230,231,426,1721254,57,1235079,Regular
231,232,521,1315098,71,2706152,Buen
232,233,504,1955858,71,4039395,Buen
233,234,434,3289854,18,3496664,Regular
234,235,714,1598162,53,2843492,Malo
235,236,563,2819558,38,4308315,Malo
236,237,297,2838850,60,3739305,Malo
237,238,518,1723205,52,3816339,Regular
238,239,433,2284491,30,2589365,Buen
239,240,585,2814198,74,2492616,Regular
240,241,420,1810436,66,1300040,Buen
241,242,488,1898209,71,2740608,Regular
242,243,550,1709159,71,3935392,Regular
243,244,586,1492621,27,2795906,Buen
244,245,379,1675361,70,3445538,Regular
245,246,466,1388029,61,4111199,Malo
246,247,452,2017041,64,3372832,Buen
247,248,434,1615013,70,3470514,Malo
248,249,676,2116892,27,1642177,Buen
249,250,540,1222052,63,2677435,Regular
250,251,373,2165440,30,4726626,Buen
251,252,591,2416764,54,3103797,Regular
252,253,712,1003132,55,4896738,Malo
253,254,603,2187028,41,2276884,Malo
254,255,348,2613834,19,3233947,Regular
255,256,451,1395179,39,2617321,Buen
256,257,626,2836286,34,3591984,Malo
257,258,429,2209509,53,3895008,Buen
258,259,544,1647494,31,3602466,Malo
259,260,577,1972115,27,4041852,Buen
260,261,407,2279163,52,2986827,Buen
261,262,494,2038002,42,2809471,Regular
262,263,175,2269377,20,1241806,Buen
263,264,397,1539663,64,3638450,Buen
264,265,474,2084680,55,3172184,Buen
265,266,375,1293142,34,2932085,Buen
266,267,663,1944386,29,2809182,Buen
267,268,356,1548046,71,2963120,Buen
268,269,455,1632235,69,2763763,Buen
269,270,513,2618046,41,2471966,Buen
270,271,644,2545655,46,3239588,Regular
271,272,356,2304569,60,3484159,Buen
272,273,616,1453843,42,2229432,Malo
273,274,501,1841795,53,2599264,Malo
274,275,401,2606548,43,2795378,Buen
275,276,546,2070858,55,3004813,Regular
276,277,519,3159664,18,2871814,Malo
277,278,439,2196658,37,3659721,Malo
278,279,506,2096024,72,1347632,Regular
279,280,461,1845441,45,1524962,Buen
280,281,511,2066770,33,3193569,Regular
281,282,566,1923765,64,2397314,Regular
282,283,658,2354054,34,3884242,Regular
283,284,376,2478351,57,4169800,Buen
284,285,713,1607005,45,3233747,Malo
285,286,304,1334383,29,1928025,Malo
286,287,484,1081897,44,4054593,Buen
287,288,558,2253995,71,3198902,Buen
288,289,528,1448316,70,1513064,Buen
289,290,437,923554,59,1601480,Malo
290,291,479,2194289,64,4516946,Regular
291,292,450,3246499,47,4351135,Regular
292,293,441,1996964,58,482856,Buen
293,294,584,2419245,51,1642209,Regular
294,295,535,2040914,54,4140855,Buen
295,296,430,1950555,23,2981507,Buen
296,297,589,2459538,24,3701849,Regular
297,298,530,1854862,49,2938047,Malo
298,299,581,2133696,49,3654492,Malo
299,300,562,2160848,70,3005833,Malo
300,301,417,1665954,42,2562391,Buen
301,302,443,2496021,50,4058743,Buen
302,303,574,1912520,72,3202054,Regular
303,304,561,1622127,24,3652388,Malo
304,305,497,2268254,69,3157447,Buen
305,306,511,1550766,74,2513643,Buen
306,307,627,2014090,29,4608389,Buen
307,308,440,1995440,33,3354968,Regular
308,309,554,2542947,33,2644951,Buen
309,310,479,2237349,60,4278329,Buen
310,311,478,1987486,70,1679176,Buen
311,312,609,2408883,53,5236283,Buen
312,313,582,2695103,30,2820850,Malo
313,314,581,2278905,24,1731985,Buen
314,315,630,2005176,53,4905941,Regular
315,316,502,1344081,64,2536832,Regular
316,317,568,1467443,68,3243244,Malo
317,318,468,1847387,26,3717690,Buen
318,319,532,1695243,49,4184172,Malo
319,320,486,1906514,28,3299774,Regular
320,321,509,2028324,25,2352684,Malo
321,322,559,2264846,50,3218992,Malo
322,323,418,1964750,40,2580684,Buen
323,324,709,2243250,42,3249011,Buen
324,325,399,2032237,73,4628149,Buen
325,326,378,1012266,25,3755925,Regular
326,327,615,1530332,62,3206646,Buen
327,328,579,1927956,39,3738490,Buen
328,329,562,1395152,21,3810080,Buen
329,330,562,2299964,57,1922125,Buen
330,331,498,2765375,20,3041722,Buen
331,332,410,2609380,46,5562527,Buen
332,333,507,1893278,58,4212820,Buen
333,334,432,2745363,46,2496564,Buen
334,335,597,2074333,51,2396792,Buen
335,336,485,1831457,51,2363474,Buen
336,337,417,1693298,45,3866319,Malo
337,338,467,1848765,30,4607640,Regular
338,339,541,1805911,32,3582167,Buen
339,340,443,2085208,40,3157162,Buen
340,341,417,2080286,61,2555844,Malo
341,342,524,2001523,43,3329373,Malo
342,343,524,2218469,21,2179878,Malo
343,344,449,2595323,43,1064234,Regular
344,345,452,2474777,57,4636825,Buen
345,346,523,1257551,26,1994187,Buen
346,347,355,723039,72,2675167,Buen
347,348,359,2467159,22,3656357,Malo
348,349,428,1316560,73,4434466,Regular
349,350,478,1887617,49,3257130,Regular
350,351,531,1414943,37,1806289,Buen
351,352,647,1099009,67,2698653,Malo
352,353,585,2270731,28,2321514,Buen
353,354,484,2379577,32,2961788,Buen
354,355,498,1711744,49,4231984,Buen
355,356,399,704478,45,462611,Regular
356,357,498,1726877,39,2588610,Buen
357,358,471,2195902,58,2515950,Malo
358,359,532,1260544,34,1743238,Buen
359,360,417,2091679,43,3585490,Regular
360,361,551,1992345,61,1585024,Regular
361,362,653,2289645,24,1700105,Buen
362,363,489,2059790,59,3851069,Malo
363,364,540,1513465,74,4500571,Regular
364,365,569,2598285,43,2923903,Regular
365,366,459,1920735,42,1782603,Malo
366,367,522,1986347,27,2294445,Regular
367,368,501,1533366,62,4008001,Buen
368,369,509,1778358,36,3116438,Regular
369,370,422,1557598,28,2898961,Buen
370,371,502,1913526,30,3313049,Buen
371,372,549,2855854,70,2962340,Buen
372,373,645,1314049,25,4545712,Regular
373,374,595,1193219,57,2250856,Regular
374,375,715,2735585,21,2136040,Buen
375,376,423,1895338,64,1616546,Regular
376,377,587,1665463,48,2460012,Malo
377,378,518,2519952,45,1908024,Buen
378,379,718,1697192,28,3218075,Buen
379,380,419,2913004,60,3020947,Regular
380,381,416,2338962,18,1920924,Buen
381,382,440,1756044,66,3589139,Regular
382,383,287,3078654,64,4516812,Buen
383,384,447,1697142,69,3357838,Buen
384,385,424,2371047,55,456501,Regular
385,386,515,2149646,41,4987130,Regular
386,387,534,2650870,71,3746923,Malo
387,388,687,2780755,74,4956418,Malo
388,389,595,2016002,64,4090723,Regular
389,390,442,1623291,48,4290515,Regular
390,391,410,2229986,58,3205266,Buen
391,392,549,1661142,63,2737703,Regular
392,393,367,3006693,67,3373481,Buen
393,394,683,2068267,43,2291214,Malo
394,395,617,1817339,66,3433880,Buen
395,396,453,2092340,67,373213,Regular
396,397,328,1326436,22,3042932,Buen
397,398,635,1514192,37,4344676,Regular
398,399,488,2600206,69,3094308,Malo
399,400,623,1671552,58,4727482,Buen
400,401,340,1476544,28,2736254,Malo
401,402,440,2268326,73,4002650,Buen
402,403,500,2592852,71,2121729,Regular
403,404,504,2359476,50,3961956,Malo
404,405,454,2498023,67,3232594,Buen
405,406,562,1621602,55,2780249,Malo
406,407,393,1289094,44,426117,Buen
407,408,485,2750666,51,2745623,Buen
408,409,512,1838660,32,3213453,Malo
409,410,551,1874583,49,3828709,Buen
410,411,571,2664097,38,4560949,Malo
411,412,387,2278115,63,5035032,Malo
412,413,346,2227943,22,4246267,Buen
413,414,627,3082501,23,2437909,Regular
414,415,533,1678240,55,2695195,Buen
415,416,425,2463920,39,3738915,Buen
416,417,655,2028506,35,3519614,Buen
417,418,511,2134296,31,4628345,Buen
418,419,617,2764234,27,5479389,Buen
419,420,506,2253917,63,5267180,Buen
420,421,706,2269148,30,4493938,Malo
421,422,675,2536253,48,3527902,Malo
422,423,475,1817523,47,4349325,Regular
423,424,597,1580395,20,4661441,Regular
424,425,564,1477595,47,2852699,Malo
425,426,636,1016821,23,2467339,Buen
426,427,403,3028103,46,2232578,Regular
427,428,568,1448395,25,2123615,Malo
428,429,605,1889373,61,1618004,Buen
429,430,324,1861593,62,3249901,Regular
430,431,381,2153703,60,2000247,Malo
431,432,296,2407868,61,2216477,Malo
432,433,473,2430236,50,3701255,Regular
433,434,571,1708461,34,3181609,Buen
434,435,650,1916439,65,3429624,Buen
435,436,507,2141289,28,4365148,Buen
436,437,662,1875654,30,3864529,Regular
437,438,361,2803672,67,4518886,Buen
438,439,329,2245487,28,3079976,Malo
439,440,494,2367438,48,4611790,Buen
440,441,538,2331440,45,3359736,Buen
441,442,496,2586736,61,3168706,Buen
442,443,293,2090510,23,4461526,Regular
443,444,491,1351584,58,2127846,Buen
444,445,369,2199843,33,5023600,Buen
445,446,566,1674321,21,2717899,Buen
446,447,536,1735691,52,1781892,Buen
447,448,406,2293182,65,3653501,Buen
448,449,448,2619141,73,2622678,Malo
449,450,394,2010635,43,5025807,Regular
450,451,493,2154416,74,2567099,Buen
451,452,595,2851107,29,3314448,Malo
452,453,401,2120376,28,1574406,Malo
453,454,550,3300841,54,3812914,Regular
454,455,446,2282754,42,2222609,Regular
455,456,420,1119618,35,3693324,Malo
456,457,489,2376670,36,2571654,Malo
457,458,396,2190579,40,953065,Regular
458,459,444,2644876,72,3131190,Buen
459,460,380,2336590,55,3086428,Regular
460,461,696,1930772,71,3881071,Regular
461,462,503,1387850,35,4556000,Buen
462,463,430,1895488,43,4912409,Buen
463,464,521,1574739,23,3864154,Malo
464,465,488,1709738,21,3278619,Regular
465,466,477,2294289,61,1572666,Buen
466,467,561,2834952,68,3202020,Regular
467,468,575,2197335,46,3214940,Buen
468,469,446,1402058,51,2801359,Buen
469,470,442,2222301,34,3632967,Regular
470,471,472,2598315,60,4121905,Buen
471,472,269,1695108,60,2181596,Buen
472,473,348,1932991,70,2166015,Malo
473,474,636,2007344,33,2860707,Buen
474,475,664,1607550,19,2384770,Buen
475,476,475,2324140,51,1358746,Malo
476,477,557,1939525,72,2003407,Regular
477,478,531,2209766,25,1767678,Regular
478,479,807,1556253,30,4208450,Malo
479,480,611,1781270,59,4702827,Buen
480,481,487,2361190,25,1904566,Regular
481,482,404,1813583,47,3546073,Regular
482,483,339,2863481,49,3873516,Malo
483,484,520,1800181,53,1507731,Regular
484,485,424,2112342,64,3160978,Regular
485,486,357,2466295,47,5533516,Buen
486,487,435,1290817,18,3677146,Buen
487,488,391,1119595,60,2754699,Regular
488,489,668,1237171,56,2439813,Regular
489,490,588,2631292,34,977538,Regular
490,491,499,1724070,37,3470473,Buen
491,492,647,3279099,41,4947816,Regular
492,493,507,1717876,67,2186456,Regular
493,494,413,2092275,39,1064415,Malo
494,495,652,2771054,46,2335775,Regular
495,496,553,3003046,39,3881599,Malo
496,497,396,3030751,61,2571499,Malo
497,498,480,2604183,26,2179531,Regular
498,499,412,2512031,54,3019154,Regular
499,500,361,2296263,27,3229700,Malo
500,501,592,2389180,53,1611609,Regular
501,502,690,1724407,54,2782716,Malo
502,503,360,1590900,45,2502732,Regular
503,504,556,1998312,45,2359095,Regular
504,505,434,1914907,59,1982963,Buen
505,506,451,1773385,60,3941257,Buen
506,507,440,2348193,38,2355613,Malo
507,508,413,2477652,41,1005054,Regular
508,509,504,2044203,59,3264297,Regular
509,510,416,2738765,57,3725199,Malo
510,511,527,1429155,19,2203983,Regular
511,512,494,1903170,72,2440337,Regular
512,513,476,1641588,25,2350946,Regular
513,514,409,1066731,65,2653346,Regular
514,515,442,1958659,44,4106850,Buen
515,516,575,1939126,39,2885940,Buen
516,517,550,2756724,54,3839593,Buen
517,518,402,2315405,44,2031168,Buen
518,519,509,1487906,74,2616309,Regular
519,520,575,2927046,46,3954013,Buen
520,521,333,2610516,20,2194394,Buen
521,522,554,2291048,61,4012136,Buen
522,523,433,1886757,30,2371615,Buen
523,524,557,1520280,62,2678337,Regular
524,525,423,1813896,27,4670162,Malo
525,526,319,2544374,53,2564181,Regular
526,527,337,2942293,26,3145345,Buen
527,528,504,2771621,71,3616436,Buen
528,529,525,1755575,73,3226508,Buen
529,530,409,1440191,72,3255053,Regular
530,531,563,2070443,44,2943460,Buen
531,532,333,1115780,51,1697760,Regular
532,533,493,2161583,68,3348289,Buen
533,534,378,1926198,18,2267531,Malo
534,535,434,1766981,49,3775767,Buen
535,536,504,1202648,42,4372061,Buen
536,537,413,2256800,46,1194442,Malo
537,538,461,1733649,24,4373807,Buen
538,539,600,1415041,66,2588942,Buen
539,540,442,563868,20,2869050,Regular
540,541,583,1986242,37,2087612,Regular
541,542,387,2886125,37,3188467,Regular
542,543,552,2830629,70,3066814,Buen
543,544,644,1771451,47,4076922,Buen
544,545,252,1698893,52,2258606,Buen
545,546,420,2234387,52,4660802,Buen
546,547,557,1500807,66,3664714,Malo
547,548,479,2150895,56,3090968,Regular
548,549,537,2383040,44,2819215,Buen
549,550,439,2613466,43,2693430,Regular
550,551,508,1949922,31,2758656,Buen
551,552,484,1898163,34,3168401,Malo
552,553,616,1561008,35,2791000,Buen
553,554,525,1586559,62,2359470,Buen
554,555,533,1886760,69,3174459,Regular
555,556,458,2183682,46,2163711,Regular
556,557,451,2456792,37,3322466,Regular
557,558,456,1598410,70,2776932,Buen
558,559,539,2746344,44,3696730,Buen
559,560,457,1864438,35,3989074,Buen
560,561,528,1989316,21,3988680,Buen
561,562,707,1626394,18,3318105,Malo
562,563,587,787879,67,3434831,Buen
563,564,467,2442022,18,2677248,Buen
564,565,620,2368421,43,3677639,Regular
565,566,459,1859336,62,3790501,Buen
566,567,296,2033495,37,1432670,Regular
567,568,399,2257969,69,3378347,Malo
568,569,312,1218727,40,4368129,Buen
569,570,464,1735473,27,2643709,Malo
570,571,501,2397132,28,2425453,Regular
571,572,667,1372855,58,2580136,Buen
572,573,532,2146778,58,1495124,Buen
573,574,478,1321709,22,3125983,Buen
574,575,582,2233214,18,3029965,Regular
575,576,278,1982179,34,3197026,Regular
576,577,523,1192434,39,3415976,Malo
577,578,577,2582369,51,2202006,Malo
578,579,352,1632704,73,3273199,Regular
579,580,614,1594873,62,3443198,Regular
580,581,533,2100284,58,2511608,Buen
581,582,458,2574318,46,3420117,Regular
582,583,563,1492089,21,3080706,Buen
583,584,727,2030839,22,2368810,Regular
584,585,518,2214408,28,3282788,Buen
585,586,524,2346552,73,2709289,Buen
586,587,454,2088220,68,3697065,Buen
587,588,415,1816486,38,2760833,Buen
588,589,583,1586204,52,1710234,Regular
589,590,414,2043071,29,3266986,Buen
590,591,507,1463930,43,3229403,Regular
591,592,452,539324,68,1918862,Buen
592,593,547,2218279,36,3750536,Regular
593,594,533,2451967,62,3698220,Buen
594,595,603,818533,24,2130019,Buen
595,596,448,1495134,64,2340373,Regular
596,597,473,2309577,72,2857992,Buen
597,598,402,3028747,24,2241147,Buen
598,599,455,2010396,43,3640397,Buen
599,600,537,1635998,57,3148971,Buen
600,601,575,1908551,22,1906442,Regular
601,602,407,2687438,38,2177529,Buen
602,603,586,1677017,31,4187719,Regular
603,604,635,1600403,21,4535562,Malo
604,605,541,1758628,40,3538728,Buen
605,606,687,1523335,59,2788724,Malo
606,607,422,2061335,37,2560037,Regular
607,608,375,2812339,32,3549699,Regular
608,609,322,2161539,67,3075920,Regular
609,610,649,1873823,69,1389928,Regular
610,611,565,1854094,62,4031867,Regular
611,612,494,1218404,46,4345803,Buen
612,613,527,2441554,25,3737252,Buen
613,614,387,1961081,58,1908388,Buen
614,615,744,1909760,65,2363173,Buen
615,616,512,3596553,36,1142280,Buen
616,617,510,2149376,65,4596048,Buen
617,618,572,1624104,56,2643261,Buen
618,619,548,1786821,63,5333289,Regular
619,620,522,2574222,45,4955230,Malo
620,621,420,2056635,63,2096573,Malo
621,622,547,1280861,74,2291732,Buen
622,623,688,2459614,44,3466190,Regular
623,624,634,1665927,21,1245457,Malo
624,625,659,2936648,32,2561740,Buen
625,626,448,2540024,52,2461840,Buen
626,627,401,1776339,54,4851165,Malo
627,628,487,2640508,18,3161017,Regular
628,629,505,2033927,20,2715233,Buen
629,630,609,2426386,64,2368515,Buen
630,631,330,2242366,41,3894049,Buen
631,632,652,1576821,44,2503289,Malo
632,633,484,1678225,57,2949717,Regular
633,634,457,2514980,53,2360876,Buen
634,635,398,1832612,51,1482462,Buen
635,636,334,1798175,46,2003964,Regular
636,637,582,1522438,41,2498028,Regular
637,638,507,2211799,41,2736745,Buen
638,639,371,3031262,59,2780576,Malo
639,640,370,1466233,21,2911080,Buen
640,641,466,2012109,20,2511312,Buen
641,642,666,2706110,51,4349126,Regular
642,643,474,1960179,74,3947984,Buen
643,644,349,2226185,66,2864890,Malo
644,645,475,1468803,40,3254258,Regular
645,646,472,2214153,70,2627911,Regular
646,647,230,1906427,73,156514,Buen
647,648,494,2492864,69,3020493,Buen
648,649,476,2593693,40,3305614,Buen
649,650,569,3294781,62,1387338,Regular
650,651,684,2289816,22,3499411,Regular
651,652,612,2162898,48,2719423,Malo
652,653,473,2097192,70,3337933,Regular
653,654,389,1823416,58,2749601,Malo
654,655,757,2169241,74,4250954,Regular
655,656,505,1852299,74,3226228,Buen
656,657,501,2084230,71,4002416,Buen
657,658,497,2658798,23,4084726,Regular
658,659,519,1496728,54,1880444,Buen
659,660,485,2569939,74,2260983,Buen
660,661,442,2658557,27,3451610,Regular
661,662,445,1940965,57,2634462,Malo
662,663,496,939072,24,2761393,Buen
663,664,445,1696089,56,4286564,Regular
664,665,428,2648497,55,2689633,Malo
665,666,510,1988565,38,2031070,Buen
666,667,474,1500348,37,2166199,Buen
667,668,650,1747612,20,5182356,Buen
668,669,234,2420310,68,2821780,Regular
669,670,609,2273366,39,1635752,Regular
670,671,624,1880533,64,1230541,Malo
671,672,292,1816587,21,2375363,Regular
672,673,465,1804120,45,2803477,Buen
673,674,462,1538794,29,3949173,Buen
674,675,359,2807687,55,3852345,Regular
675,676,422,1838839,68,2993653,Buen
676,677,388,2608579,53,2545831,Buen
677,678,675,2760658,64,3339601,Buen
678,679,593,2499155,58,1251253,Buen
679,680,627,1784189,22,4981080,Buen
680,681,572,2201865,30,3654105,Buen
681,682,387,1987902,40,3866990,Buen
682,683,447,1548149,67,1925846,Buen
683,684,548,2162179,47,4282648,Regular
684,685,377,1410480,54,2539982,Malo
685,686,571,2593839,42,2047441,Buen
686,687,475,1767691,65,2960827,Regular
687,688,462,2100579,44,2937444,Buen
688,689,571,2141643,68,1921462,Regular
689,690,544,1870547,31,2105062,Malo
690,691,463,2293346,74,2026768,Regular
691,692,615,1762548,65,2036284,Malo
692,693,391,2435648,64,2611902,Buen
693,694,561,1327010,71,1611014,Buen
694,695,559,2063189,53,2308625,Malo
695,696,469,2969464,56,4045134,Buen
696,697,532,1499834,33,3823309,Buen
697,698,374,1661127,73,1950120,Regular
698,699,592,2256953,39,3958204,Malo
699,700,481,2089790,38,1033560,Malo
700,701,447,2175315,71,5429144,Buen
701,702,604,2244593,38,4300313,Malo
702,703,429,2317360,25,2440268,Buen
703,704,359,2554849,66,3382426,Buen
704,705,344,2204909,33,1599080,Regular
705,706,560,1879371,72,3060442,Buen
706,707,371,2336286,48,2816336,Buen
707,708,675,2949940,59,2165236,Regular
708,709,291,1933683,27,2531442,Buen
709,710,669,1512735,49,2433012,Buen
710,711,521,2553540,51,1868263,Buen
711,712,490,1939809,26,2141852,Buen
712,713,445,913665,34,1558155,Buen
713,714,539,2423710,28,3857330,Regular
714,715,496,1732335,49,2067887,Regular
715,716,610,1954733,27,1777979,Buen
716,717,511,2165990,39,3841504,Malo
717,718,515,2095249,74,3369620,Buen
718,719,463,2354725,34,3804501,Buen
719,720,494,1782256,21,3916083,Malo
720,721,530,2256552,65,4937454,Buen
721,722,328,1870226,69,2843960,Malo
722,723,365,2369405,64,1542392,Buen
723,724,574,2307683,42,3271037,Regular
724,725,517,1532280,38,2330995,Buen
725,726,481,2542991,54,2042494,Buen
726,727,501,1732018,55,3099925,Buen
727,728,534,2404028,66,3865752,Regular
728,729,446,2183643,18,2164005,Regular
729,730,422,2919091,42,4274388,Malo
730,731,519,1888267,68,2010386,Buen
731,732,402,1825341,53,2756096,Buen
732,733,540,1990290,34,3386307,Buen
733,734,329,1848410,58,2612100,Regular
734,735,602,2399970,41,1223997,Malo
735,736,547,1191844,19,3927407,Buen
736,737,525,1473158,57,2376535,Regular
737,738,598,1466098,32,3744898,Buen
738,739,666,2475153,49,1735855,Regular
739,740,601,2855306,56,1906563,Malo
740,741,315,1947775,23,3862433,Buen
741,742,372,1915589,18,3340508,Buen
742,743,437,2035026,64,2561414,Malo
743,744,502,2580939,40,3355031,Malo
744,745,551,1536323,56,2045960,Regular
745,746,427,2119184,74,3110259,Regular
746,747,518,2487598,34,3128553,Buen
747,748,424,2250547,51,2626218,Regular
748,749,438,2094790,58,2164714,Malo
749,750,359,2500523,46,3070248,Regular
750,751,407,648383,26,2945018,Buen
751,752,364,2338937,30,2534177,Buen
752,753,402,1672962,23,1966185,Buen
753,754,605,1084683,23,3012477,Buen
754,755,405,2255601,37,2536677,Buen
755,756,763,2686829,69,1965342,Buen
756,757,549,1931275,70,3043529,Buen
757,758,518,2476437,20,4608305,Buen
758,759,414,2806139,34,2633172,Regular
759,760,570,2657457,66,4497776,Buen
760,761,442,2819982,29,5114331,Buen
761,762,512,2371063,65,2046581,Buen
762,763,756,2037716,64,3009044,Buen
763,764,490,1199017,62,5103731,Regular
764,765,614,1876968,72,2878920,Buen
765,766,429,1578376,18,3036812,Regular
766,767,496,3085471,34,1329994,Malo
767,768,677,1912057,20,2468338,Regular
768,769,437,2061602,43,3555588,Regular
769,770,681,2275742,32,5429282,Malo
770,771,570,2021801,53,2803993,Regular
771,772,443,2847525,49,1337373,Buen
772,773,563,1688675,49,1594750,Buen
773,774,597,2097303,21,2964210,Malo
774,775,562,1628764,35,4177206,Buen
775,776,342,1339988,66,3637353,Buen
776,777,427,1694115,36,3460255,Regular
777,778,475,1981481,60,4309144,Malo
778,779,492,1785348,69,2279770,Buen
779,780,562,1653789,52,3019094,Regular
780,781,517,1296841,57,2479617,Buen
781,782,366,1958447,31,2728544,Regular
782,783,538,1247639,50,1993730,Buen
783,784,561,2380027,31,2656023,Buen
784,785,555,2041219,51,2972284,Malo
785,786,608,1271224,72,2628528,Buen
786,787,583,1845395,21,2838938,Regular
787,788,545,1623921,41,3405040,Buen
788,789,492,2159587,46,4238695,Buen
789,790,333,2670225,36,4311155,Regular
790,791,542,1062413,23,3761421,Buen
791,792,520,2057513,74,1740018,Buen
792,793,527,1919933,50,2639590,Buen
793,794,372,2335670,66,2725714,Regular
794,795,391,2106598,57,2342850,Malo
795,796,605,1624015,36,3342351,Malo
796,797,496,1840473,70,1405671,Buen
797,798,568,1601987,18,4693566,Buen
798,799,502,2538003,22,4195220,Buen
799,800,502,2010655,44,3478202,Malo
800,801,593,2950595,33,2937890,Buen
801,802,448,1969669,23,4228839,Malo
802,803,509,1645796,57,3689404,Buen
803,804,453,1243142,30,4106637,Malo
804,805,456,1098430,65,2940947,Malo
805,806,469,1207932,52,4789313,Malo
806,807,522,2133563,36,4166887,Buen
807,808,452,2254362,29,3509536,Buen
808,809,625,1209404,33,4255972,Buen
809,810,410,2447519,60,2580838,Buen
810,811,481,1758469,27,1832499,Buen
811,812,456,2073396,42,3321550,Regular
812,813,644,2806110,37,2942909,Buen
813,814,519,2448419,48,2802282,Regular
814,815,603,1865734,21,4216312,Regular
815,816,351,1554403,61,3167139,Buen
816,817,526,924092,40,3263569,Malo
817,818,588,1640423,19,2672947,Buen
818,819,508,1894434,73,3881123,Buen
819,820,606,1506410,39,3701875,Buen
820,821,448,1934371,68,3873659,Malo
821,822,640,2038425,74,2502736,Buen
822,823,729,1887572,54,4304088,Buen
823,824,463,1674998,25,4838768,Regular
824,825,455,2084327,24,3842038,Buen
825,826,645,2220970,31,2190711,Regular
826,827,657,1454800,73,2197797,Malo
827,828,447,2705466,72,2624623,Malo
828,829,457,1950705,20,2435622,Buen
829,830,471,2009424,67,2928907,Buen
830,831,365,2354107,33,3632442,Buen
831,832,408,2116608,72,3289952,Buen
832,833,399,2476568,36,3202289,Buen
833,834,423,2143562,68,2758797,Buen
834,835,496,1693781,35,2926154,Malo
835,836,523,2180751,69,3796575,Malo
836,837,655,1428136,33,988041,Buen
837,838,400,2054279,25,2988609,Buen
838,839,598,1983385,50,3287987,Buen
839,840,478,1895941,66,3783583,Buen
840,841,495,1935731,29,1989954,Regular
841,842,567,1059075,70,1937090,Regular
842,843,387,1725637,28,3583954,Malo
843,844,538,2046422,22,1095547,Regular
844,845,516,2079928,44,4332189,Regular
845,846,549,1486162,29,3226591,Regular
846,847,528,2632853,34,4558721,Buen
847,848,745,1566912,23,1912927,Regular
848,849,436,2484728,50,2563640,Buen
849,850,446,2213597,22,592131,Buen
850,851,437,1676886,74,2204310,Buen
851,852,444,2887655,45,2816153,Buen
852,853,436,1403181,31,1037292,Malo
853,854,618,2459577,22,2605373,Buen
854,855,642,2500291,71,1012659,Buen
855,856,442,1664689,73,2742539,Buen
856,857,416,2696232,50,4147111,Regular
857,858,547,1874976,67,2965020,Buen
858,859,444,2144346,65,4658207,Malo
859,860,563,2130160,58,3786292,Malo
860,861,520,1932845,36,4348147,Regular
861,862,348,2405404,39,2235054,Regular
862,863,654,2396744,22,2210858,Buen
863,864,679,1125734,19,3345613,Buen
864,865,438,2652170,47,1422297,Regular
865,866,461,1168754,64,3471143,Buen
866,867,528,2516273,56,2676080,Buen
867,868,533,2563352,21,4329996,Regular
868,869,565,1454516,50,3679512,Buen
869,870,701,1794592,30,4096706,Malo
870,871,482,1447147,37,2245793,Buen
871,872,420,1892539,71,4048210,Regular
872,873,362,1845982,24,4444712,Regular
873,874,426,2389830,32,2961286,Regular
874,875,496,2655154,40,2260649,Buen
875,876,679,2697841,31,2278212,Regular
876,877,448,1718915,40,4239012,Malo
877,878,522,1895389,36,5684345,Buen
878,879,498,1158280,71,2018354,Buen
879,880,618,1597064,46,1941479,Regular
880,881,752,2482425,73,3921414,Regular
881,882,446,2807791,37,2246086,Buen
882,883,451,1382825,46,4018355,Malo
883,884,604,1703767,41,3465346,Buen
884,885,568,1986797,35,2976022,Buen
885,886,684,2140080,27,3441271,Regular
886,887,558,1595198,58,3380198,Regular
887,888,464,2212030,74,2820393,Malo
888,889,559,1763080,25,1243638,Malo
889,890,610,1992773,43,3178650,Buen
890,891,582,2273142,46,4573060,Buen
891,892,550,2003211,27,1391231,Buen
892,893,606,1781807,34,2034214,Regular
893,894,616,1945195,19,3426826,Malo
894,895,638,1955818,23,3038591,Buen
895,896,564,1814994,22,3411182,Buen
896,897,483,1870601,45,2300681,Buen
897,898,514,2799323,58,4162458,Malo
898,899,620,2280459,22,3046900,Buen
899,900,418,1852259,35,3696985,Buen
900,901,536,2348477,43,3320277,Regular
901,902,460,1833090,37,3175494,Malo
902,903,502,2586562,58,3626833,Regular
903,904,627,2184821,66,3186487,Regular
904,905,519,1946348,44,1809800,Buen
905,906,504,2223858,66,4087356,Regular
906,907,364,1214561,29,3818127,Regular
907,908,574,1436616,24,893149,Malo
908,909,564,1403037,20,2345799,Buen
909,910,716,2071471,27,4042360,Buen
910,911,469,2866257,51,1173071,Buen
911,912,521,3115650,42,3943566,Buen
912,913,524,2319025,52,2858777,Malo
913,914,657,2250422,33,4340282,Buen
914,915,490,1099471,19,2998853,Buen
915,916,527,1728663,41,2277932,Buen
916,917,560,1606108,27,3308085,Buen
917,918,518,1689576,55,2969614,Buen
918,919,455,1915928,39,2189148,Buen
919,920,519,1763954,43,5218343,Buen
920,921,607,1010350,60,2028901,Regular
921,922,397,2373955,72,757044,Regular
922,923,513,1463628,56,4581698,Buen
923,924,429,2119623,44,2416436,Malo
924,925,619,3037041,46,2703226,Regular
925,926,347,1540307,64,2642093,Regular
926,927,444,734856,55,2430348,Buen
927,928,537,1856997,37,2233807,Buen
928,929,656,2550479,44,2003182,Buen
929,930,493,2979173,58,3064759,Buen
930,931,444,1385225,71,2598012,Buen
931,932,688,2248349,37,3730362,Malo
932,933,355,1767344,61,3482694,Buen
933,934,280,1947025,36,2072487,Buen
934,935,544,3322171,37,3108521,Regular
935,936,449,1248514,52,2582161,Buen
936,937,397,2126869,64,2008339,Regular
937,938,570,2233846,19,3689431,Regular
938,939,524,2542893,47,2878674,Regular
939,940,443,2048991,70,2592449,Malo
940,941,371,2154025,51,2144432,Buen
941,942,587,1804175,39,1972063,Regular
942,943,565,2134563,20,4988768,Malo
943,944,490,1828403,23,3334118,Regular
944,945,684,2310785,32,1908870,Buen
945,946,392,1815194,44,3287865,Malo
946,947,347,2188550,27,4062016,Buen
947,948,430,1985368,26,3167517,Malo
948,949,495,2563025,50,4374021,Buen
949,950,524,1974303,49,1457186,Regular
950,951,475,1113483,65,1008677,Malo
951,952,535,2630960,23,3260517,Buen
952,953,374,1547133,58,3276496,Buen
953,954,644,1673116,53,-339500,Buen
954,955,491,1702169,19,2376423,Malo
955,956,611,2687219,46,1991337,Malo
956,957,534,932162,21,1608053,Regular
957,958,545,3568874,18,1988958,Regular
958,959,556,2528028,36,3595787,Malo
959,960,544,2111619,43,1982594,Buen
960,961,564,1972552,42,2016877,Buen
961,962,632,2142777,27,1381194,Regular
962,963,519,2260561,70,4268909,Buen
963,964,570,2322607,32,3434632,Buen
964,965,491,2277802,39,507643,Buen
965,966,644,2044790,68,2017759,Buen
966,967,432,1901330,65,3528517,Malo
967,968,680,1924363,38,4281392,Buen
968,969,495,1902545,73,3840838,Regular
969,970,356,2566885,39,2644317,Buen
970,971,512,2296778,53,1068623,Buen
971,972,431,529805,51,3870248,Buen
972,973,584,2327950,47,2703103,Regular
973,974,434,2097368,42,3068862,Regular
974,975,455,1990645,62,2822579,Malo
975,976,311,1805740,45,1644470,Regular
976,977,454,2562056,18,3364250,Regular
977,978,257,2473763,66,3226459,Regular
978,979,341,1613561,62,2574211,Malo
979,980,576,2203526,21,3471105,Regular
980,981,578,1514171,24,1626000,Buen
981,982,542,1310190,66,2730997,Regular
982,983,403,1686641,26,3026127,Regular
983,984,495,2431196,53,1265072,Regular
984,985,499,2476562,36,2942903,Buen
985,986,384,2256542,18,3733645,Malo
986,987,650,2362547,27,2696769,Malo
987,988,587,2258089,53,2965885,Buen
988,989,477,1679259,26,3562344,Malo
989,990,502,2215961,62,2612199,Buen
990,991,520,2400204,63,2702202,Buen
991,992,295,2377145,59,1823296,Buen
992,993,475,2594456,49,2985063,Buen
993,994,431,2354151,49,2665151,Malo
994,995,399,2175724,23,3499089,Buen
995,996,471,2535075,65,3563459,Buen
996,997,679,1986739,55,3791209,Buen
997,998,564,1559062,34,2491739,Buen
998,999,442,1918466,27,823418,Buen
999,1000,557,1627548,67,3741639,Regular